iteration,nll
1,-1.048288348771281
2,-1.1844257142388774
3,-1.2622199035343626
4,-1.2789608223892237
5,-1.2790517196838123
